{
    "1": {
        "blue": 0.028459384461315077,
        "rouge": 0.4466904465142128,
        "bertscore": 0.6540656685829163,
        "sysm_eval_p": 0.6720331794708915,
        "sysm_eval_r": 0.5223714285714286
    },
    "2": {
        "blue": 0.02401127918377907,
        "rouge": 0.4584584265208041,
        "bertscore": 0.668039757758379,
        "sysm_eval_p": 0.6762404653341688,
        "sysm_eval_r": 0.6271984375
    },
    "3": {
        "blue": 0.0235238671850368,
        "rouge": 0.4264801050731862,
        "bertscore": 0.6639706542094549,
        "sysm_eval_p": 0.5751531307291112,
        "sysm_eval_r": 0.6057750000000001
    },
    "4": {
        "blue": 0.004560121413650874,
        "rouge": 0.35791919742720096,
        "bertscore": 0.6527790526549021,
        "sysm_eval_p": 0.6418190092007253,
        "sysm_eval_r": 0.7580999999999999
    },
    "5": {
        "blue": 0.005487401381581623,
        "rouge": 0.40300509472654794,
        "bertscore": 0.6117119789123535,
        "sysm_eval_p": 0.5133530242905243,
        "sysm_eval_r": 0.5126833333333333
    }
}