{
    "Attribute": {
        "blue": 0.05792224927249148,
        "rouge": 0.4380032206119163,
        "bertscore": 0.7232785224914551,
        "sysm_eval_p": 0.7,
        "sysm_eval_r": 0.4545
    },
    "Generalization": {
        "blue": 0.015036420633060453,
        "rouge": 0.44336175395858707,
        "bertscore": 0.6097434163093567,
        "sysm_eval_p": 1.0,
        "sysm_eval_r": 1.0
    },
    "Subsetting": {
        "blue": 0.06633691371718485,
        "rouge": 0.5042735042735043,
        "bertscore": 0.6952648758888245,
        "sysm_eval_p": 0.2,
        "sysm_eval_r": 0.7778
    },
    "Redefinition": {
        "blue": 0.06086880798194203,
        "rouge": 0.6156299840510367,
        "bertscore": 0.7355967164039612,
        "sysm_eval_p": 0.7692307692307693,
        "sysm_eval_r": 0.9231
    },
    "Enumeration": {
        "blue": 0.026529840966458725,
        "rouge": 0.47822054124696123,
        "bertscore": 0.6829157173633575,
        "sysm_eval_p": 1.0,
        "sysm_eval_r": 0.8125
    },
    "Part": {
        "blue": 0.014112284775034806,
        "rouge": 0.4405465363229885,
        "bertscore": 0.668387268270765,
        "sysm_eval_p": 0.7024618238903954,
        "sysm_eval_r": 0.6753285714285714
    },
    "Item": {
        "blue": 0.019355940424884716,
        "rouge": 0.3675675675675676,
        "bertscore": 0.6751510500907898,
        "sysm_eval_p": 0.625,
        "sysm_eval_r": 0.1
    },
    "Connection": {
        "blue": 0.03623196903136804,
        "rouge": 0.4810126582278481,
        "bertscore": 0.7082757949829102,
        "sysm_eval_p": 0.7777777777777778,
        "sysm_eval_r": 0.8182
    },
    "Port": {
        "blue": 0.03392592759646477,
        "rouge": 0.43128258165992106,
        "bertscore": 0.6986584961414337,
        "sysm_eval_p": 0.6714285714285715,
        "sysm_eval_r": 0.33105
    },
    "Function-based Behavior": {
        "blue": 0.033881951694090015,
        "rouge": 0.4766961036758628,
        "bertscore": 0.6541723534464836,
        "sysm_eval_p": 0.7630966316292404,
        "sysm_eval_r": 0.571575
    },
    "Interface": {
        "blue": 0.02220709140300795,
        "rouge": 0.458047935111939,
        "bertscore": 0.6716084778308868,
        "sysm_eval_p": 0.25,
        "sysm_eval_r": 0.57145
    },
    "State-based Behavior": {
        "blue": 0.004437032325186308,
        "rouge": 0.40494869518875276,
        "bertscore": 0.5626218318939209,
        "sysm_eval_p": 0.7535511363636364,
        "sysm_eval_r": 0.39075
    },
    "Individual and Snapshot": {
        "blue": 0.0024107362551178363,
        "rouge": 0.2928202721726889,
        "bertscore": 0.6248171329498291,
        "sysm_eval_p": 0.6623376623376623,
        "sysm_eval_r": 0.8571
    },
    "Variant Configuration": {
        "blue": 0.04427522460433402,
        "rouge": 0.457046122173238,
        "bertscore": 0.7227671146392822,
        "sysm_eval_p": 0.9506172839506174,
        "sysm_eval_r": 0.9050666666666668
    },
    "Requirement": {
        "blue": 0.013362104604651714,
        "rouge": 0.40801777542017853,
        "bertscore": 0.658850371837616,
        "sysm_eval_p": 0.327807881773399,
        "sysm_eval_r": 0.45328
    },
    "Verification": {
        "blue": 0.011957018788346931,
        "rouge": 0.3861159594096745,
        "bertscore": 0.6430728236834208,
        "sysm_eval_p": 0.6059941520467836,
        "sysm_eval_r": 0.5912666666666667
    },
    "Analysis and Trade": {
        "blue": 0.02077005256794826,
        "rouge": 0.4132940118348759,
        "bertscore": 0.6810029298067093,
        "sysm_eval_p": 0.6425220767512857,
        "sysm_eval_r": 0.643
    },
    "View and Viewpoint": {
        "blue": 0.023119301957597475,
        "rouge": 0.4671429951090968,
        "bertscore": 0.6990303695201874,
        "sysm_eval_p": 0.875,
        "sysm_eval_r": 0.6875
    },
    "Dependency": {
        "blue": 0.011461891854814965,
        "rouge": 0.47888871951776163,
        "bertscore": 0.626731276512146,
        "sysm_eval_p": 0.8257183908045976,
        "sysm_eval_r": 0.476
    },
    "Model Constrainment": {
        "blue": 0.016547054226614535,
        "rouge": 0.49254121607225815,
        "bertscore": 0.6506364146868387,
        "sysm_eval_p": 0.5889724310776941,
        "sysm_eval_r": 0.9683999999999999
    },
    "Binding Connector": {
        "blue": 0.00864843121793583,
        "rouge": 0.3626712205065708,
        "bertscore": 0.668804794549942,
        "sysm_eval_p": 0.1875,
        "sysm_eval_r": 0.28285000000000005
    },
    "Language Extension": {
        "blue": 0.014572170239696668,
        "rouge": 0.4321005153799604,
        "bertscore": 0.653511126836141,
        "sysm_eval_p": 0.5167530568846359,
        "sysm_eval_r": 0.3635
    },
    "Expression": {
        "blue": 0.02395946092822132,
        "rouge": 0.42966798983443744,
        "bertscore": 0.6692615846792856,
        "sysm_eval_p": 0.6972357845749658,
        "sysm_eval_r": 0.6701999999999999
    },
    "SequenceModeling": {
        "blue": 0.017273193049345454,
        "rouge": 0.41803078775239966,
        "bertscore": 0.6152413288752238,
        "sysm_eval_p": 0.6518925518925519,
        "sysm_eval_r": 0.4069333333333333
    },
    "Flow Connection": {
        "blue": 0.03341810188469019,
        "rouge": 0.49587688361646826,
        "bertscore": 0.7315482695897421,
        "sysm_eval_p": 0.5655394524959743,
        "sysm_eval_r": 0.6291333333333333
    },
    "Action Definition": {
        "blue": 0.01118309786157831,
        "rouge": 0.3986074779598372,
        "bertscore": 0.5651244223117828,
        "sysm_eval_p": 0.5416666666666667,
        "sysm_eval_r": 0.5125500000000001
    },
    "Action": {
        "blue": 0.06006272295243844,
        "rouge": 0.46412480818414326,
        "bertscore": 0.7035767138004303,
        "sysm_eval_p": 0.9375,
        "sysm_eval_r": 0.6
    },
    "Conditional Succession": {
        "blue": 0.022602204983250482,
        "rouge": 0.3930905300232773,
        "bertscore": 0.6428610384464264,
        "sysm_eval_p": 0.5833333333333334,
        "sysm_eval_r": 0.4949
    },
    "Control Structure": {
        "blue": 0.022675767539888935,
        "rouge": 0.4479917051960949,
        "bertscore": 0.6819480538368226,
        "sysm_eval_p": 0.5903469079939667,
        "sysm_eval_r": 0.30834
    },
    "Assignment Action": {
        "blue": 0.015836098593345754,
        "rouge": 0.4214672575086164,
        "bertscore": 0.6222440600395203,
        "sysm_eval_p": 0.9166666666666666,
        "sysm_eval_r": 0.6571
    },
    "Message": {
        "blue": 0.05628039077875328,
        "rouge": 0.49201441189804185,
        "bertscore": 0.7101925313472748,
        "sysm_eval_p": 0.6641025641025642,
        "sysm_eval_r": 0.8276
    },
    "Opaque Action": {
        "blue": 0.04051401837182588,
        "rouge": 0.32093023255813957,
        "bertscore": 0.7004692554473877,
        "sysm_eval_p": 0.7142857142857143,
        "sysm_eval_r": 0.2
    },
    "State Definition": {
        "blue": 0.01245128342006403,
        "rouge": 0.5102679900744417,
        "bertscore": 0.6194920837879181,
        "sysm_eval_p": 1.0,
        "sysm_eval_r": 0.8407
    },
    "State": {
        "blue": 0.018856575747362908,
        "rouge": 0.5091869932370802,
        "bertscore": 0.6810360550880432,
        "sysm_eval_p": 0.7519044964697138,
        "sysm_eval_r": 0.6279
    },
    "Transition": {
        "blue": 0.020075393723418322,
        "rouge": 0.4733570983929771,
        "bertscore": 0.6707937320073446,
        "sysm_eval_p": 0.7835677749360613,
        "sysm_eval_r": 0.6228
    },
    "Occurrence": {
        "blue": 0.020552510970705023,
        "rouge": 0.44979397255528014,
        "bertscore": 0.6633196558271136,
        "sysm_eval_p": 0.6921980151631315,
        "sysm_eval_r": 0.6094571428571428
    },
    "Individual": {
        "blue": 0.04167365481770576,
        "rouge": 0.50410109773871,
        "bertscore": 0.6861721475919088,