{
  "Vehicle Traffic": {
    "count": 108,
    "nl_length": [
      88,
      110,
      109,
      118,
      71,
      88,
      92,
      129,
      173,
      151,
      216,
      127,
      119,
      115,
      102,
      130,
      110,
      122,
      141,
      148,
      219,
      177,
      115,
      229,
      179,
      136,
      189,
      113,
      123,
      137,
      135,
      104,
      136,
      148,
      93,
      91,
      176,
      127,
      158,
      117,
      132,
      128,
      126,
      106,
      198,
      133,
      102,
      121,
      120,
      154,
      111,
      126,
      98,
      117,
      137,
      103,
      144,
      161,
      133,
      170,
      131,
      104,
      135,
      130,
      181,
      129,
      141,
      131,
      133,
      151,
      159,
      168,
      143,
      145,
      107,
      148,
      104,
      139,
      126,
      102,
      130,
      137,
      79,
      131,
      102,
      132,
      185,
      126,
      86,
      100,
      135,
      129,
      100,
      141,
      93,
      138,
      148,
      137,
      137,
      95,
      162,
      136,
      187,
      104,
      145,
      100,
      80,
      151
    ],
    "design_length": [
      15,
      13,
      12,
      21,
      14,
      19,
      12,
      37,
      74,
      44,
      158,
      58,
      47,
      51,
      36,
      34,
      26,
      32,
      55,
      42,
      127,
      129,
      108,
      43,
      67,
      114,
      120,
      80,
      54,
      72,
      108,
      67,
      46,
      56,
      45,
      22,
      50,
      33,
      42,
      28,
      36,
      15,
      19,
      24,
      59,
      31,
      33,
      31,
      55,
      35,
      33,
      32,
      23,
      17,
      25,
      18,
      23,
      34,
      32,
      40,
      23,
      37,
      47,
      82,
      104,
      47,
      19,
      29,
      32,
      48,
      40,
      42,
      18,
      49,
      37,
      53,
      25,
      29,
      25,
      25,
      41,
      30,
      31,
      67,
      84,
      47,
      119,
      142,
      34,
      35,
      72,
      28,
      53,
      50,
      25,
      42,
      29,
      26,
      27,
      15,
      33,
      31,
      85,
      19,
      12,
      7,
      20,
      105
    ],
    "nl_length_avg": 131.61111111111111,
    "nl_length_max": 229,
    "nl_length_min": 71,
    "design_length_avg": 45.7962962962963,
    "design_length_max": 158,
    "design_length_min": 7
  },
  "Confidentiality and security": {
    "count": 2,
    "nl_length": [
      136,
      67
    ],
    "design_length": [
      33,
      24
    ],
    "nl_length_avg": 101.5,
    "nl_length_max": 136,
    "nl_length_min": 67,
    "design_length_avg": 28.5,
    "design_length_max": 33,
    "design_length_min": 24
  },
  "Aerospace": {
    "count": 3,
    "nl_length": [
      106,
      152,
      70
    ],
    "design_length": [
      20,
      54,
      15
    ],
    "nl_length_avg": 109.33333333333333,
    "nl_length_max": 152,
    "nl_length_min": 70,
    "design_length_avg": 29.666666666666668,
    "design_length_max": 54,
    "design_length_min": 15
  },
  "Systems Engineering": {
    "count": 2,
    "nl_length": [
      196,
      110
    ],
    "design_length": [
      73,
      32
    ],
    "nl_length_avg": 153.0,
    "nl_length_max": 196,
    "nl_length_min": 110,
    "design_length_avg": 52.5,
    "design_length_max": 73,
    "design_length_min": 32
  },
  "Water resource transportation": {
    "count": 1,
    "nl_length": [
      111
    ],
    "design_length": [
      18
    ],
    "nl_length_avg": 111.0,
    "nl_length_max": 111,
    "nl_length_min": 111,
    "design_length_avg": 18.0,
    "design_length_max": 18,
    "design_length_min": 18
  },
  "Information Management": {
    "count": 8,
    "nl_length": [
      82,
      96,
      96,
      149,
      151,
      119,
      181,
      109
    ],
    "design_length": [
      11,
      3,
      4,
      44,
      27,
      21,
      41,
      22
    ],
    "nl_length_avg": 122.875,
    "nl_length_max": 181,
    "nl_length_min": 82,
    "design_length_avg": 21.625,
    "design_length_max": 44,
    "design_length_min": 3
  },
  "Medical Health": {
    "count": 1,
    "nl_length": [
      135
    ],
    "design_length": [
      144
    ],
    "nl_length_avg": 135.0,
    "nl_length_max": 135,
    "nl_length_min": 135,
    "design_length_avg": 144.0,
    "design_length_max": 144,
    "design_length_min": 144
  },
  "Simulation Calculation": {
    "count": 4,
    "nl_length": [
      135,
      101,
      105,
      156
    ],
    "design_length": [
      24,
      36,
      15,
      17
    ],
    "nl_length_avg": 124.25,
    "nl_length_max": 156,
    "nl_length_min": 101,
    "design_length_avg": 23.0,
    "design_length_max": 36,
    "design_length_min": 15
  },
  "Energy materials": {
    "count": 3,
    "nl_length": [
      192,
      99,
      88
    ],
    "design_length": [
      55,
      25,
      23
    ],
    "nl_length_avg": 126.33333333333333,
    "nl_length_max": 192,
    "nl_length_min": 88,
    "design_length_avg": 34.333333333333336,
    "design_length_max": 55,
    "design_length_min": 23
  },
  "Network Communication": {
    "count": 3,
    "nl_length": [
      128,
      118,
      130
    ],
    "design_length": [
      34,
      34,
      24
    ],
    "nl_length_avg": 125.33333333333333,
    "nl_length_max": 130,
    "nl_length_min": 118,
    "design_length_avg": 30.666666666666668,
    "design_length_max": 34,
    "design_length_min": 24
  },
  "Photography Technique": {
    "count": 12,
    "nl_length": [
      87,
      113,
      87,
      78,
      99,
      84,
      106,
      119,
      111,
      114,
      106,
      98
    ],
    "design_length": [
      14,
      20,
      17,
      16,
      21,
      25,
      24,
      31,
      22,
      34,
      25,
      31
    ],
    "nl_length_avg": 100.16666666666667,
    "nl_length_max": 119,
    "nl_length_min": 78,
    "design_length_avg": 23.333333333333332,
    "design_length_max": 34,
    "design_length_min": 14
  },
  "Embedded device": {
    "count": 1,
    "nl_length": [
      85
    ],
    "design_length": [
      16
    ],
    "nl_length_avg": 85.0,
    "nl_length_max": 85,
    "nl_length_min": 85,
    "design_length_avg": 16.0,
    "design_length_max": 16,
    "design_length_min": 16
  },
  "Fault diagnosis": {
    "count": 3,
    "nl_length": [
      102,
      133,
      178
    ],
    "design_length": [
      25,
      41,
      62
    ],
    "nl_length_avg": 137.66666666666666,
    "nl_length_max": 178,
    "nl_length_min": 102,
    "design_length_avg": 42.666666666666664,
    "design_length_max": 62,
    "design_length_min": 25
  }
}